38608077,W3C validation differs when validated by HTML &amp; URL,Procedural,Create,. old world puzzle peasant find riverbank wolf goat head cabbage. need transport three side river boat. however boat room peasant one item either wolf goat cabbage. absence wolf would eat goat goat would eat cabbage. solve problem peasant prove solution. note peasant vegetarian like cabbage hence eat neither goat cabbage help solve problem. go without saying wolf protected species.
41293319,creating new file whose name only differs by case from existing file with matlab/octave fopen,Procedural,Create,. write pseudocode lineartime algorithm generates optimal binary search tree root table.
38809608,Excel: How to highlight cells if the neighboring cell value differs by 2 or more?,Procedural,Apply,. a. consider possibility partitioning node left right subtrees. b. compute value question using two formulas. c. use formula nth catalan number stirlings formula n!.
38738449,why my imshow differs from imwrite,Procedural,Create,. old world puzzle peasant find riverbank wolf goat head cabbage. need transport three side river boat. however boat room peasant one item either wolf goat cabbage. absence wolf would eat goat goat would eat cabbage. solve problem peasant prove solution. note peasant vegetarian like cabbage hence eat neither goat cabbage help solve problem. go without saying wolf protected species.
39335955,QLabel font differs when inserting a short HTML text,Procedural,Apply,. trace algorithm outlined text input given.
39591446,JavaScript Date() differs when timezone changes,Procedural,Apply,. change bound innermost loop algorithm optimalbst exploiting monotonicity root table mentioned end section.
39820824,Camera preview differs from bitmap,Procedural,Create,. old world puzzle peasant find riverbank wolf goat head cabbage. need transport three side river boat. however boat room peasant one item either wolf goat cabbage. absence wolf would eat goat goat would eat cabbage. solve problem peasant prove solution. note peasant vegetarian like cabbage hence eat neither goat cabbage help solve problem. go without saying wolf protected species.
38183449,XML Signature is not valid - XML SignatureValue differs in C# and Java code,Conceptual,Evaluate,. following binary tree avl trees? b c
40657434,TMP differs from user variable on Windows,Procedural,Apply,. write pseudocode bruteforce polynomial evaluation stem substituting given value variable polynomial formula evaluating lowest term highest one. determine number multiplication number addition made algorithm.
40676386,Eigen c++ sparse matrix multiplication differs strongly for Matlab output,Conceptual,Evaluate,. following binary tree avl trees? b c
39486503,meteor template argument value differs between helper and event,Metacognitive,Evaluate,. one find argument supporting either view. wellestablished principle pertinent matter though scientific fact mathematical expression patentable. think case? preclude granting patent algorithms?
39967784,Microservice vs SOA differs,Factual,Apply,. prove divide n i.e. sd n td positive integer also divide n r mod n vice versa. use formula qn r r n fact divide two integer u v also divide u v u v why?.
38179882,Specify float when initializing double. gcc and clang differs,Procedural,Create,. old world puzzle peasant find riverbank wolf goat head cabbage. need transport three side river boat. however boat room peasant one item either wolf goat cabbage. absence wolf would eat goat goat would eat cabbage. solve problem peasant prove solution. note peasant vegetarian like cabbage hence eat neither goat cabbage help solve problem. go without saying wolf protected species.
39950891,WordPress Landing Page that Differs in Design from Regular Pages,Procedural,Evaluate/Create,. a. design efficient algorithm finding deleting element smallest value heap determine time efficiency.
42021421,RestTemplate/Jackson list conversion differs from single object conversion,Procedural,Apply,. apply horners rule convert binary decimal.
41305134,NetBeans -Djava.library.path separator differs in Windows and OS X,Procedural,Create,. design n algorithm finding optimal binary search tree.
37569117,Chisel: val differs from expression after assignment,Conceptual,Analyse,. see application algorithm another bipartite graph section.
41825841,The width of thead differs from tbody,Procedural,Create,. old world puzzle peasant find riverbank wolf goat head cabbage. need transport three side river boat. however boat room peasant one item either wolf goat cabbage. absence wolf would eat goat goat would eat cabbage. solve problem peasant prove solution. note peasant vegetarian like cabbage hence eat neither goat cabbage help solve problem. go without saying wolf protected species.
39894580,SQLite3 - Why LEFT JOIN differs from other RDBMSes?,Procedural,Apply,. a. consider possibility partitioning node left right subtrees. b. compute value question using two formulas. c. use formula nth catalan number stirlings formula n!.
41816629,Subset time series so that selected rows differs by a certain minimum time,Procedural,Evaluate,. a. time efficiency algorithm optimalbst cubic? b. space efficiency algorithm optimalbst quadratic?
38473271,How the traditional device driver program differs?,Procedural,Apply,. insert division counter program implementing algorithm run input pair range indicated.
38522937,"DateTime.ToString(&quot;d&quot;, cultureInfo) output differs between IIS and console app",Procedural,Remember,. compute following sums. a. . . . b. . . . c. n d. n e. n ii f. n j g. n n ij h. n ii j j
40575925,Why hash results for ASCII differs when apply utf8 functions,Procedural,Apply,. simplify function given single term defining order growth.
39811680,Scala behavior differs from Java only because Java try finally does not result in value,Conceptual,Apply,. find value inequality text provides upperbound btrees height.
39825986,Firebase Storage - Download URL different from actual Download URL in the console (token differs),Procedural,Understand,. describe algorithm used favorite atm machine dispensing cash. may give description either english pseudocode whichever find convenient.
41496645,Carbon date time differs,Procedural,Analyse,. a. estimate much faster horners rule compared lowest highest term bruteforce algorithm problem time one multiplication significantly larger time one addition ii time one multiplication time one addition.
42129990,Timestamp value in C# differs from java,Conceptual,Evaluate,. following binary tree avl trees? b c
38304328,google-maps-services java library result differs from browser call result,Procedural,Apply,. a. consider possibility partitioning node left right subtrees. b. compute value question using two formulas. c. use formula nth catalan number stirlings formula n!.
37925449,The total of rows fetched by Django&#39;s ORM filter is_null=True and is_null=False differs from the total of all rows. Why?,Factual,Understand,. find web site dedicated application fibonacci number study it.
38782030,md5sum of rubyzip output string and written file differs,Procedural,Create,. write pseudocode lineartime algorithm generates optimal binary search tree root table.
38359119,In Qt why cacheKey differs for same icon,Procedural,Create,. old world puzzle peasant find riverbank wolf goat head cabbage. need transport three side river boat. however boat room peasant one item either wolf goat cabbage. absence wolf would eat goat goat would eat cabbage. solve problem peasant prove solution. note peasant vegetarian like cabbage hence eat neither goat cabbage help solve problem. go without saying wolf protected species.
38515282,Program Output Differs Dramatically Under Valgrind,Procedural,Apply,. insert division counter program implementing algorithm run input pair range indicated.
41316435,How Spring-Hibernate integration and Spring+JPA+Hibernate differs?,Procedural,Create,. old world puzzle peasant find riverbank wolf goat head cabbage. need transport three side river boat. however boat room peasant one item either wolf goat cabbage. absence wolf would eat goat goat would eat cabbage. solve problem peasant prove solution. note peasant vegetarian like cabbage hence eat neither goat cabbage help solve problem. go without saying wolf protected species.
39963220,How OOP languages differs from procedural languages in terms of memory utilization,Procedural,Apply,. implement three advanced sorting algorithmsmergesort quicksort heapsortin language choice investigate performance array size n
41338966,Sorted scatter plot differs from unsorted one,Procedural,Apply,. use method backward substitution solve recurrence given text.
39375000,Hive results differs from MySql result. Join query on Hive returns unexpected result or OK results,Procedural,Apply,. a. consider possibility partitioning node left right subtrees. b. compute value question using two formulas. c. use formula nth catalan number stirlings formula n!.
40132699,Returned JSON from fetch requests differs in test and dev,Procedural,Create,. old world puzzle peasant find riverbank wolf goat head cabbage. need transport three side river boat. however boat room peasant one item either wolf goat cabbage. absence wolf would eat goat goat would eat cabbage. solve problem peasant prove solution. note peasant vegetarian like cabbage hence eat neither goat cabbage help solve problem. go without saying wolf protected species.
40757340,shell date &quot;-n hours&quot; differs with &quot;n hours ago&quot; in some situation,Conceptual,Apply,. simply apply greedy approach situation hand. may assume . . . tn.
41369181,Delete rows in single table in SQL Server where timestamp column differs,Procedural,Evaluate,. a. time efficiency algorithm optimalbst cubic? b. space efficiency algorithm optimalbst quadratic?
38160479,arithmetic operation differs if variable is char or int,Procedural,Apply,. write pseudocode bruteforce polynomial evaluation stem substituting given value variable polynomial formula evaluating lowest term highest one. determine number multiplication number addition made algorithm.
41789024,Form designer differs for custom form,Procedural,Create,. old world puzzle peasant find riverbank wolf goat head cabbage. need transport three side river boat. however boat room peasant one item either wolf goat cabbage. absence wolf would eat goat goat would eat cabbage. solve problem peasant prove solution. note peasant vegetarian like cabbage hence eat neither goat cabbage help solve problem. go without saying wolf protected species.
39542591,C++ C2040: &#39;Block***&#39; differs in levels of indirection (&amp; memory assistance),Conceptual,Evaluate,. following binary tree avl trees? b c
41335395,python str() function result differs from __str__() function&#39;s result,Procedural,Apply,. simplify function given single term defining order growth.
38743143,Get previous row value if current value in order clause differs from previous by particular value?,Factual,Apply,. get empirical data random value n range say plot data obtained. may want use different scale ax coordinate system.
40349801,How to parse Multiline block text if content differs from block to block using Python &amp; regex?,Conceptual,Apply,. find value inequality text provides upperbound btrees height.
38747754,MYSQL Find similar strings that differs only for a hypen or extra space,Metacognitive/Procedural,Create/Remember,. possible exchange numeric value two variable say u v without using extra storage?
40561774,Excel VBA - How to add new row at the end of a sheet only if the new row differs from the last row?,Procedural,Create,. since maximumflow algorithm require processing edge direction convenient modify adjacency matrix representation network follows. directed edge vertex vertex j capacity uij element ith row j th column set uij element j th row ith column set uij edge vertex j element set zero. outline simple algorithm identifying source sink network presented matrix indicate time efficiency.
38524021,C error C2040 &#39;f&#39;: &#39;errno_t&#39; differs in levels of indirection from &#39;FILE *&#39;,Conceptual,Evaluate,. following binary tree avl trees? b c
38098551,Android Rect width and height differs from original dimensions,Conceptual/Procedural,Apply,. prove mathematical induction a. h log l binary tree height h number leaf l. b. h log l ternary tree height h number leaf l.
39873144,QToolBox default aspect differs between mac linux and windows,Procedural,Create,. old world puzzle peasant find riverbank wolf goat head cabbage. need transport three side river boat. however boat room peasant one item either wolf goat cabbage. absence wolf would eat goat goat would eat cabbage. solve problem peasant prove solution. note peasant vegetarian like cabbage hence eat neither goat cabbage help solve problem. go without saying wolf protected species.
39548545,"C++ string to char* conversion error, Build error &#39;c&#39;: const char* differs in levels of indirection from &#39;char&#39;",Conceptual,Evaluate,. following binary tree avl trees? b c
41586819,popBackStack() behavior differs after support-library upgrade from 23.1.1 to 25.1.0,Procedural,Create,. old world puzzle peasant find riverbank wolf goat head cabbage. need transport three side river boat. however boat room peasant one item either wolf goat cabbage. absence wolf would eat goat goat would eat cabbage. solve problem peasant prove solution. note peasant vegetarian like cabbage hence eat neither goat cabbage help solve problem. go without saying wolf protected species.
41002628,"Oracle SQL: Nested sub-queries, outer are the same, inner differs",Procedural,Apply,. generate codewords right left.
40307847,Printed value differs from return value in Python?,Procedural,Analyse,. following algorithm seek compute number leaf binary tree. algorithm leafcountert computes recursively number leaf binary tree input binary tree output number leaf return else return leafcountertleft leafcountertright algorithm correct? prove make appropriate correction.
37544587,Getting Location of user in iOS differs with MKMapView and CLLocationManager,Procedural,Apply,. sketch graph determine general location root choose initial interval bracketing it. use appropriate inequality given section
41955472,Java hashCode() differs in different executions of same object creation,Procedural,Understand,. describe algorithm used favorite atm machine dispensing cash. may give description either english pseudocode whichever find convenient.
40336018,Task behaviour differs from Task&lt;T&gt; behaviour when OperationCanceledException thrown,Procedural,Create,. new world puzzle four people want cross rickety bridge begin side. minute get across side. night one flashlight. maximum two people cross bridge one time. party cross either one two people must flashlight them. flashlight must walked back forth cannot thrown example. person take minute cross bridge person take minute person take minute person take minutes. pair must walk together rate slower person pace. note according rumor internet interviewer wellknown software company located near seattle given problem interviewees.
39169172,Modernizr.touchevents response differs on deploy,Procedural,Create,. old world puzzle peasant find riverbank wolf goat head cabbage. need transport three side river boat. however boat room peasant one item either wolf goat cabbage. absence wolf would eat goat goat would eat cabbage. solve problem peasant prove solution. note peasant vegetarian like cabbage hence eat neither goat cabbage help solve problem. go without saying wolf protected species.
39024238,Why scala serializability differs in case classes with same constructor parameter types?,Conceptual/Procedural,Analyse,. a. maximumflow problem always unique solution? would answer different network different capacity edges? b. answer question minimumcut problem finding cut smallest capacity given network.
38926343,Azure Storage put blob REST API: The MAC signature differs from Azure computed signature (missing content-type),Conceptual,Evaluate,. a. solving problem n n lead critical insight. b. would put post office one village locations?
38444701,conversion of html code into respective diacritic symbol/alphabet,Procedural,Apply,. combining two node lowest probability resolve tie arising next iteration two different ways. two huffman code obtained compute mean variance codeword length.
41285790,What differs between post-filter and global aggregation for faceted search?,Procedural,Create,. old world puzzle peasant find riverbank wolf goat head cabbage. need transport three side river boat. however boat room peasant one item either wolf goat cabbage. absence wolf would eat goat goat would eat cabbage. solve problem peasant prove solution. note peasant vegetarian like cabbage hence eat neither goat cabbage help solve problem. go without saying wolf protected species.
37577888,Why the bitrate shown during processing differs so much from the final bitrate after processing using ffmpeg?,Procedural,Analyse,. though final answer correct derivation contains error find.
39015585,"Postman shown time, curl time_total differs",Procedural,Analyse,. a. estimate much faster horners rule compared lowest highest term bruteforce algorithm problem time one multiplication significantly larger time one addition ii time one multiplication time one addition.
39402146,How to create a custom post type with an archive slug that differs from the post type name,Conceptual,Evaluate,. a. solving problem n n lead critical insight. b. would put post office one village locations?
40897699,Knitr output differs between Rmd and Rnw: data.table output example,Procedural,Analyse,. following algorithm seek compute number leaf binary tree. algorithm leafcountert computes recursively number leaf binary tree input binary tree output number leaf return else return leafcountertleft leafcountertright algorithm correct? prove make appropriate correction.
41731748,Go encryption differs from Ruby encryption using same key and iv,Conceptual,Analyse,. a. follow description algorithm given statement problem. note new key always inserted leaf full node always split way even though leaf new key may room it. b. split full node cause cascade split chain ancestors? get taller search tree necessary?
39368558,Java home path differs,Procedural,Apply,. insert division counter program implementing algorithm run input pair range indicated.
39991462,JavaScript to check which one of the given numbers differs from other,Conceptual,Analyse,. check whether algorithm reverse relative ordering equal elements.
39861420,"I want to include the glut.h library in a cpp file, but error is showing C2381	&#39;exit&#39;: redefinition; &#39;__declspec(noreturn)&#39; or &#39;[[noreturn]]&#39; differs",Conceptual,Apply,. outline algorithm finding largest key btree.
38901021,Why Tess4J differs so much from C++ Tesseract?,Conceptual,Evaluate,. following binary tree avl trees? b c
40996016,Size of files and directories on mac via terminal differs from actual size,Procedural,Analyse,. return correct comparison count every array size ?
40661681,JUnit AssertionFailedError: Text in the file differs in java,Procedural,Apply,. trace algorithm outlined text input given.
38063795,Display how much line A differs from line B as maximum,Procedural,Create,. devise way compute sum j p used dynamic si programming algorithm constructing optimal binary search tree constant time per sum.
40080566,Phone view differs from Chrome Devtools,Procedural,Create,. old world puzzle peasant find riverbank wolf goat head cabbage. need transport three side river boat. however boat room peasant one item either wolf goat cabbage. absence wolf would eat goat goat would eat cabbage. solve problem peasant prove solution. note peasant vegetarian like cabbage hence eat neither goat cabbage help solve problem. go without saying wolf protected species.
37763260,How to execute custom task when agent type differs from previous agent type in the resource in anylogic?,Procedural,Create,. old world puzzle peasant find riverbank wolf goat head cabbage. need transport three side river boat. however boat room peasant one item either wolf goat cabbage. absence wolf would eat goat goat would eat cabbage. solve problem peasant prove solution. note peasant vegetarian like cabbage hence eat neither goat cabbage help solve problem. go without saying wolf protected species.
38171838,Why the result differs when I press enter at the end of a sentence?,Procedural,Apply,. change bound innermost loop algorithm optimalbst exploiting monotonicity root table mentioned end section.
37910212,Java output differs between NetBeans and console,Procedural,Analyse,. following algorithm seek compute number leaf binary tree. algorithm leafcountert computes recursively number leaf binary tree input binary tree output number leaf return else return leafcountertleft leafcountertright algorithm correct? prove make appropriate correction.
37558476,App size differs in different Android versions,Procedural,Analyse,. return correct comparison count every array size ?
39002315,Setting Path environment variable behavior differs on windows 10,Procedural,Apply,. write pseudocode bruteforce polynomial evaluation stem substituting given value variable polynomial formula evaluating lowest term highest one. determine number multiplication number addition made algorithm.
37989580,controller and factory calling sequence differs while using $http?,Procedural,Understand,. a. show stack operation following sequence start empty stack pusha pushb pop pushc pushd pop b. show queue operation following sequence start empty queue enqueuea enqueueb dequeue enqueuec enqueued dequeue
40991266,Google analytics differs from visitor counter,Procedural,Apply,. insert division counter program implementing algorithm run input pair range indicated.
40868045,Create date from string differs in browser,Procedural,Create,. old world puzzle peasant find riverbank wolf goat head cabbage. need transport three side river boat. however boat room peasant one item either wolf goat cabbage. absence wolf would eat goat goat would eat cabbage. solve problem peasant prove solution. note peasant vegetarian like cabbage hence eat neither goat cabbage help solve problem. go without saying wolf protected species.
39151935,How Microservices and Multi Context (routing) differs?,Procedural,Create,. old world puzzle peasant find riverbank wolf goat head cabbage. need transport three side river boat. however boat room peasant one item either wolf goat cabbage. absence wolf would eat goat goat would eat cabbage. solve problem peasant prove solution. note peasant vegetarian like cabbage hence eat neither goat cabbage help solve problem. go without saying wolf protected species.
38114526,Why output differs while using following script?,Conceptual,Analyse,. comment following heap represented array parental dominance requirement need checked.
42042071,Android App screen differs from Designer View in Visual Studio,Procedural,Create,. old world puzzle peasant find riverbank wolf goat head cabbage. need transport three side river boat. however boat room peasant one item either wolf goat cabbage. absence wolf would eat goat goat would eat cabbage. solve problem peasant prove solution. note peasant vegetarian like cabbage hence eat neither goat cabbage help solve problem. go without saying wolf protected species.
41118936,"Animating image with given x and y coordinates, the co-ordinates differs with different devices screen, is there any way to fix this?",Conceptual,Apply,. write equation tangent line graph function xn f xn find xintercept.
41658586,What does &#39;pub run&#39; differs from normal execution?,Procedural,Apply,. insert division counter program implementing algorithm run input pair range indicated.
37695183,When to use Java Cache and how it differs from HashMap?,Conceptual,Apply/Analyse,. a. take logarithm side equality. b. use closedform formula for?
38245071,Uploading jpg file from Android phone to server (differs between wifi and 3g phone connection),Conceptual,Apply,. reduce problem finding maximum matching bipartite graph.
40416484,How the Planner in PGStrom differs from PostgreSQL?,Procedural,Create,. old world puzzle peasant find riverbank wolf goat head cabbage. need transport three side river boat. however boat room peasant one item either wolf goat cabbage. absence wolf would eat goat goat would eat cabbage. solve problem peasant prove solution. note peasant vegetarian like cabbage hence eat neither goat cabbage help solve problem. go without saying wolf protected species.
41680106,Check if SVN revisions differs,Procedural,Apply,. check algorithm pseudocode see upon encountering equal values.
38633707,How colon and semicolon differs in linux command?,Procedural,Create,. old world puzzle peasant find riverbank wolf goat head cabbage. need transport three side river boat. however boat room peasant one item either wolf goat cabbage. absence wolf would eat goat goat would eat cabbage. solve problem peasant prove solution. note peasant vegetarian like cabbage hence eat neither goat cabbage help solve problem. go without saying wolf protected species.
38831856,When I have added inverse question marks within the string and add them via nsstringwithformat response differs,Procedural,Understand,. a. trace algorithm graph given. example found text. b. next fringe vertex added tree add unseen vertex adjacent priority queue fringe vertices.
38701809,`hostname -i` address differs from `ifconfig` address,Procedural,Create,. old world puzzle peasant find riverbank wolf goat head cabbage. need transport three side river boat. however boat room peasant one item either wolf goat cabbage. absence wolf would eat goat goat would eat cabbage. solve problem peasant prove solution. note peasant vegetarian like cabbage hence eat neither goat cabbage help solve problem. go without saying wolf protected species.
40836338,How randomize quicksort differs from randomize selection algorithm in terms of time complexity,Procedural,Analyse,. a. estimate much faster horners rule compared lowest highest term bruteforce algorithm problem time one multiplication significantly larger time one addition ii time one multiplication time one addition.
38946549,JSON fetched from URL differs,Procedural,Create,. old world puzzle peasant find riverbank wolf goat head cabbage. need transport three side river boat. however boat room peasant one item either wolf goat cabbage. absence wolf would eat goat goat would eat cabbage. solve problem peasant prove solution. note peasant vegetarian like cabbage hence eat neither goat cabbage help solve problem. go without saying wolf protected species.
41736438,Why the two outputs differs?,Procedural,Analyse,. following algorithm seek compute number leaf binary tree. algorithm leafcountert computes recursively number leaf binary tree input binary tree output number leaf return else return leafcountertleft leafcountertright algorithm correct? prove make appropriate correction.
39278327,How to install dependency when JAR name differs from folder version name?,Procedural,Analyse,. compare efficiency class two version dfs sparse graphs.
38514730,isinstance() returns false when the fully-qualified object class differs from the qualified class,Procedural,Analyse,. fill table time efficiency class efficient implementation three operation finding largest element finding deleting largest element adding new element.
38873343,Android - Layout on phone differs from designer in size,Procedural,Analyse,. return correct comparison count every array size ?
40052992,Github Pull Request API Differs from the web workflow,Factual,Understand,. find web site dedicated application fibonacci number study it.
39184130,R-multiple comparison with unbalanced design output differs from Anova,Procedural,Analyse,. return correct comparison count every array size ?
38071044,Setting Minutes in Calendar differs depending on TimeZone,Procedural,Apply,. maintain two queue one given frequency weight new trees.
41222920,Storyboard differs from Simulator,Procedural,Create,. old world puzzle peasant find riverbank wolf goat head cabbage. need transport three side river boat. however boat room peasant one item either wolf goat cabbage. absence wolf would eat goat goat would eat cabbage. solve problem peasant prove solution. note peasant vegetarian like cabbage hence eat neither goat cabbage help solve problem. go without saying wolf protected species.
41281803,Join order differs for between two instances of the same Mysql DB,Conceptual,Apply,. reduce problem finding maximum matching bipartite graph.
40709391,Assignment behavior differs for whole object and its attributes,Procedural,Create,. old world puzzle peasant find riverbank wolf goat head cabbage. need transport three side river boat. however boat room peasant one item either wolf goat cabbage. absence wolf would eat goat goat would eat cabbage. solve problem peasant prove solution. note peasant vegetarian like cabbage hence eat neither goat cabbage help solve problem. go without saying wolf protected species.
39555856,Timeline differs in chrome for the same request,Procedural,Create,. old world puzzle peasant find riverbank wolf goat head cabbage. need transport three side river boat. however boat room peasant one item either wolf goat cabbage. absence wolf would eat goat goat would eat cabbage. solve problem peasant prove solution. note peasant vegetarian like cabbage hence eat neither goat cabbage help solve problem. go without saying wolf protected species.
41048340,Results from matrix multiplication differs on Python and MATLAB,Procedural,Analyse,. a. estimate much faster horners rule compared lowest highest term bruteforce algorithm problem time one multiplication significantly larger time one addition ii time one multiplication time one addition.
37567253,psychopy waitKeys return differs between computers,Procedural,Analyse,. following algorithm seek compute number leaf binary tree. algorithm leafcountert computes recursively number leaf binary tree input binary tree output number leaf return else return leafcountertleft leafcountertright algorithm correct? prove make appropriate correction.
39246616,CSS block element margin-top behaviour differs subject to if element has a border or not,Conceptual,Apply,. a. use linked list hold nonzero element matrices.
40421146,AES/CBC/PKCS5Padding in iOS objective c result differs from Android,Procedural,Analyse,. rule sorting algorithm exchange farapart element stable.
41911069,Firefox launched with Selenium differs from System Default Firefox settings,Procedural,Apply,. find inverse. either solve system three simultaneous righthand side vector representing column x identity matrix use lu decomposition system coefficient matrix
37516063,Source for a combo box differs when adding a record,Procedural,Create,. write pseudocode lineartime algorithm generates optimal binary search tree root table.
38432731,Stored Proc run manually differs from run via job,Procedural,Apply,. insert division counter program implementing algorithm run input pair range indicated.
38348582,Why count differs between ls and ls -l linux command?,Conceptual/Procedural,Apply,. prove mathematical induction a. h log l binary tree height h number leaf l. b. h log l ternary tree height h number leaf l.
40942889,How DatabaseReference#push() method differs from location to location?,Procedural,Apply,. recurrence solved method backward substitutions.
41967916,DataContractSerializer output differs over wire versus in code,Procedural,Analyse,. following algorithm seek compute number leaf binary tree. algorithm leafcountert computes recursively number leaf binary tree input binary tree output number leaf return else return leafcountertleft leafcountertright algorithm correct? prove make appropriate correction.
38554416,Why does the assembly language code differs for the same C code from various PC with same processor ( intel x86_64 ),Procedural,Apply,. combining two node lowest probability resolve tie arising next iteration two different ways. two huffman code obtained compute mean variance codeword length.
38772017,std values of principal component object differs in prcomp and caret,Factual,Analyse,. a. structure complete tree height h largest number node have? complete tree smallest number nodes? b. use result established part a.
39657182,Sinus (SIN) calculation PHP and MySQL/Doctrine differs,Conceptual,Evaluate,. following binary tree avl trees? b c
40155961,How to compare two tables in oracle when number of columns in tables differs,Procedural,Evaluate,. a. time efficiency algorithm optimalbst cubic? b. space efficiency algorithm optimalbst quadratic?
41739578,reading web page source code in java Differs from the orginal webpage source code,Factual,Analyse,. fibonaccis rabbit problem man put pair rabbit place surrounded wall. many pair rabbit year initial pair rabbit male female newborn rabbit pair fertile first month life thereafter give birth one new malefemale pair end every month?
39622538,CORS: policy differs if accessing URL from browser or from within script,Procedural,Create,. old world puzzle peasant find riverbank wolf goat head cabbage. need transport three side river boat. however boat room peasant one item either wolf goat cabbage. absence wolf would eat goat goat would eat cabbage. solve problem peasant prove solution. note peasant vegetarian like cabbage hence eat neither goat cabbage help solve problem. go without saying wolf protected species.
39772213,How static method inheritance and static variable inheritance differs?,Procedural,Apply,. recurrence solved method backward substitutions.
42130753,Why the number of vertices in a merged Geometry differs from the number of vertices in the BufferedGeometry obtained from it?,Factual,Apply,. take advantage standard traversal trees.
38199179,Git merge differs in log,Conceptual/Procedural,Apply,. prove mathematical induction a. h log l binary tree height h number leaf l. b. h log l ternary tree height h number leaf l.
39174469,SSRS: Subscription column order differs from Report,Conceptual,Apply,. reduce problem finding maximum matching bipartite graph.
42078534,Return data from Return.cumulative vs apply.yearly returns differs?,Procedural,Analyse,. following algorithm seek compute number leaf binary tree. algorithm leafcountert computes recursively number leaf binary tree input binary tree output number leaf return else return leafcountertleft leafcountertright algorithm correct? prove make appropriate correction.
38483784,Data Submited from APP Differs from Php local Script,Factual,Apply,. get empirical data random value n range say plot data obtained. may want use different scale ax coordinate system.
41264468,JasperReports with Barcode Code128 (Barcode4J): PNG differs from PDF,Procedural,Apply,. combining two node lowest probability resolve tie arising next iteration two different ways. two huffman code obtained compute mean variance codeword length.
37597528,Execution order of Maven profile task and goal differs on version 3.3.9 and 3.2.5,Procedural,Analyse,. compare efficiency class two version dfs sparse graphs.
39682656,tomcat Webservices endpoint differs to server.xml port connector,Procedural,Create,. old world puzzle peasant find riverbank wolf goat head cabbage. need transport three side river boat. however boat room peasant one item either wolf goat cabbage. absence wolf would eat goat goat would eat cabbage. solve problem peasant prove solution. note peasant vegetarian like cabbage hence eat neither goat cabbage help solve problem. go without saying wolf protected species.
38961502,Cannot start Cassandra - Snitch&#39;s Datacenter Differs from Previous,Procedural,Evaluate,. a. start transforming logarithm base. b. easiest way prove lim logn
38207840,Vertical align an img inside a div - My live site differs to JSFiddle? Why?,Factual,Understand,. find web site dedicated application fibonacci number study it.
38065512,Table Css differs in local and remote site,Factual,Understand,. find web site dedicated application fibonacci number study it.
40328041,stat_smooth - variable length differs,Procedural,Apply,. write pseudocode bruteforce polynomial evaluation stem substituting given value variable polynomial formula evaluating lowest term highest one. determine number multiplication number addition made algorithm.
40526187,Printed double value differs from originally set value,Conceptual,Analyse,. check fast count value grow doubling input size.
41837421,&#39;WORD&#39;: &#39;char [20]&#39; differs in levels of indirection from &#39;unsigned short&#39;,Factual,Apply,. use fact xn x distance xn middle interval bn root x.
41015150,"Spring Security: How can I set a RememberMe cookie url path, that differs from the context path?",Procedural,Analyse,. would construct optimal binary search tree set n key key equally likely searched for? average number comparison successful search tree n k?
39554417,How can I find the position in a list where an item differs from the previous item?,Factual,Apply,. use spacefortime tradeoff.
41212274,Lifecycle of Android Services differs between phones,Procedural,Create,. old world puzzle peasant find riverbank wolf goat head cabbage. need transport three side river boat. however boat room peasant one item either wolf goat cabbage. absence wolf would eat goat goat would eat cabbage. solve problem peasant prove solution. note peasant vegetarian like cabbage hence eat neither goat cabbage help solve problem. go without saying wolf protected species.
39976307,"My template specialization differs debug version from release version, is this gcc bug?",Procedural,Analyse,. compare efficiency class two version dfs sparse graphs.
41103220,Java heap dump and the heap size after the heap analysis differs,Conceptual,Analyse,. comment following heap represented array parental dominance requirement need checked.
39261247,StanfordCoreNLP differs from StanfordCoreNLPServer,Procedural,Create,. old world puzzle peasant find riverbank wolf goat head cabbage. need transport three side river boat. however boat room peasant one item either wolf goat cabbage. absence wolf would eat goat goat would eat cabbage. solve problem peasant prove solution. note peasant vegetarian like cabbage hence eat neither goat cabbage help solve problem. go without saying wolf protected species.
39515516,Count of objects differs from count of keys if box is unchecked?,Conceptual,Analyse,. check fast count value grow doubling input size.
40830340,Netty HttpServer api changed/differs from available examples,Factual,Analyse,. a. follow definition array b c description method. b. find say bc example part a.
38474118,How Session Management approach differs in mobile native vs hybrid vs web applications?,Factual,Apply,. prove divide n i.e. sd n td positive integer also divide n r mod n vice versa. use formula qn r r n fact divide two integer u v also divide u v u v why?.
40355208,Why does the output differs in the given html code?,Procedural,Analyse,. following algorithm seek compute number leaf binary tree. algorithm leafcountert computes recursively number leaf binary tree input binary tree output number leaf return else return leafcountertleft leafcountertright algorithm correct? prove make appropriate correction.
41397130,SQLAlchemy group_by where select differs from aggregate target,Factual,Apply,. use spacefortime tradeoff.
37657995,Access query speed differs,Procedural,Create,. write pseudocode lineartime algorithm generates optimal binary search tree root table.
41937986,Mysql results differs at evens from singles in same query,Conceptual,Analyse,. a. follow description algorithm given statement problem. note new key always inserted leaf full node always split way even though leaf new key may room it. b. split full node cause cascade split chain ancestors? get taller search tree necessary?
39985550,How to SQL select duplicates by one field and differs by another,Conceptual,Analyse,. trace algorithm way done section another instance stringmatching problem.
39269775,CAShapeLayer bounds of a button differs inside a popover view,Procedural,Apply,. generate codewords right left.
41789848,Segementation fault location differs because of printf,Procedural,Apply,. sketch graph determine general location root choose initial interval bracketing it. use appropriate inequality given section
41637267,Eigen QR decomposition results differs from two methods,Procedural,Apply,. recurrence solved method backward substitutions.
40340889,Benchmarking code differs between inside and outside of foreach loop,Procedural,Apply,. generate codewords right left.
40320920,Kotlin - Secondary constructor that differs by one argument,Metacognitive,Evaluate,. one find argument supporting either view. wellestablished principle pertinent matter though scientific fact mathematical expression patentable. think case? preclude granting patent algorithms?
42131865,Matplotlib example output significantly differs from website,Procedural,Apply,. recurrence solved method backward substitutions.
39315867,R: lm() result differs when using `weights` argument and when using manually reweighted data,Procedural,Apply,. a. consider possibility partitioning node left right subtrees. b. compute value question using two formulas. c. use formula nth catalan number stirlings formula n!.
37605082,k-nearest neighbors where # of objects in each class differs vastly,Procedural,Analyse,. fill table time efficiency class efficient implementation three operation finding largest element finding deleting largest element adding new element.
38024517,Displaying message status: read and unread (differs from other users) in PHP/MySQL messaging system,Procedural,Apply,. find inverse. either solve system three simultaneous righthand side vector representing column x identity matrix use lu decomposition system coefficient matrix
39615472,How to overload constructors in kotlin differs in lambda return type,Procedural,Analyse,. following algorithm seek compute number leaf binary tree. algorithm leafcountert computes recursively number leaf binary tree input binary tree output number leaf return else return leafcountertleft leafcountertright algorithm correct? prove make appropriate correction.
40769444,R&#39;s `chol` differs from MATLAB&#39;s `cholcov`. How to do a Cholesky-alike covariance decomposition?,Procedural,Evaluate,. a. time efficiency algorithm optimalbst cubic? b. space efficiency algorithm optimalbst quadratic?
38056869,VBA-Excel AddPicture() beahiour differs depending on whether Excel Visible,Conceptual,Analyse,. check whether algorithm reverse relative ordering equal elements.
38717868,Select Drop Down differs when use size attribute,Procedural,Analyse,. return correct comparison count every array size ?
39675821,Issues detecting clicks on Android with jQuery if page is user-scalable and scale differs from 1,Conceptual,Apply,. write equation tangent line graph function xn f xn find xintercept.
41229743,Why does the assistant previewer differs from the real view?,Procedural,Analyse,. a. find internet library procedure finding real root general cubic equation ax bx cx real coefficients. b. general algorithm design technique based on?
37590856,Error - The schema returned by the new query differs from the base query,Factual,Remember,. use definition absolute relative error property absolute value.
37646258,Java3d offsecreen rendering differs from on screen,Procedural,Create,. old world puzzle peasant find riverbank wolf goat head cabbage. need transport three side river boat. however boat room peasant one item either wolf goat cabbage. absence wolf would eat goat goat would eat cabbage. solve problem peasant prove solution. note peasant vegetarian like cabbage hence eat neither goat cabbage help solve problem. go without saying wolf protected species.
42118067,Condition in for loop differs when using litteral or variable with the same value,Metacognitive/Procedural,Create/Remember,. possible exchange numeric value two variable say u v without using extra storage?
41161653,Number of files uploaded on server end (php) differs from the client side,Procedural,Create,. write pseudocode lineartime algorithm generates optimal binary search tree root table.
41507770,PHP error level differs from Fatal to warning on same error,Factual,Remember,. use definition absolute relative error property absolute value.
37615547,What differs different Vulkan loaders from each other?,Procedural,Understand,. describe algorithm used favorite atm machine dispensing cash. may give description either english pseudocode whichever find convenient.
39438269,Warning C4047 &#39;=&#39;: &#39;int&#39; differs in levels of indirection from &#39;int *&#39; on cast,Conceptual,Evaluate,. following binary tree avl trees? b c
39928254,`uname -m` differs from `arch` after deployed an El Capitan VM with Virtualbox (5.x),Procedural,Create,. old world puzzle peasant find riverbank wolf goat head cabbage. need transport three side river boat. however boat room peasant one item either wolf goat cabbage. absence wolf would eat goat goat would eat cabbage. solve problem peasant prove solution. note peasant vegetarian like cabbage hence eat neither goat cabbage help solve problem. go without saying wolf protected species.
39090113,html selected option in select differs of what I&#39;m seeing in DOM,Procedural,Apply,. a. simplest approach mark matrix column correspond visited cities. alternatively maintain linked list unvisited cities. b. following standard plan analyzing algorithm efficiency pose difficulty yield result either two option mentioned hint part a.
38415094,Sqoop import count differs (source vs destination),Procedural,Analyse,. return correct comparison count every array size ?
41718726,Delphi Generics: E2037: Declaration of &#39;XXX&#39; differs from previous declaration,Conceptual,Remember,. sorting algorithm heapsort us priority queue?
40656331,how&quot; set jump&quot; and &quot;long jump&quot; differs from &quot;try catch&quot; in stack pointer modification?,Procedural,Understand,. a. show stack operation following sequence start empty stack pusha pushb pop pushc pushd pop b. show queue operation following sequence start empty queue enqueuea enqueueb dequeue enqueuec enqueued dequeue
37491665,Z3 SMT: get-model differs depending on the number of oprands on the distinct operator,Conceptual,Evaluate/Create,. a. show number distinct binary search tree bn constructed set n orderable key satisfies recurrence relation n bn bkbn k n b
42104786,Overloaded function differs only by return type,Procedural,Apply,. simplify function given single term defining order growth.
41585620,why looping speed differs a lot using different looping methods (Python)?,Procedural,Apply,. recurrence solved method backward substitutions.
39623637,In Hippocms site view in cms differs from live site,Factual,Understand,. find web site dedicated application fibonacci number study it.
39634906,Getting &quot;The file format differs from the format that the file name extension specifies&quot; warning in Microsoft Excel when file generated from php,Procedural,Create,. write pseudocode lineartime algorithm generates optimal binary search tree root table.
39844827,Swift iOS: default font values differs,Conceptual,Analyse,. check fast count value grow doubling input size.
39750565,Javascript output differs when number having leading zero,Procedural,Analyse,. following algorithm seek compute number leaf binary tree. algorithm leafcountert computes recursively number leaf binary tree input binary tree output number leaf return else return leafcountertleft leafcountertright algorithm correct? prove make appropriate correction.
40690657,The following use of strcat_s shows &quot;C4047: differs in levels of indirection&quot;,Factual,Apply,. use fact xn x distance xn middle interval bn root x.
41563112,Silverstripe TEMP_FOLDER differs by fpm and cli,Procedural,Create,. old world puzzle peasant find riverbank wolf goat head cabbage. need transport three side river boat. however boat room peasant one item either wolf goat cabbage. absence wolf would eat goat goat would eat cabbage. solve problem peasant prove solution. note peasant vegetarian like cabbage hence eat neither goat cabbage help solve problem. go without saying wolf protected species.
39008746,Plot from right click save image differs from downloadHandler in Shiny,Factual,Apply,. get empirical data random value n range say plot data obtained. may want use different scale ax coordinate system.
41858540,What&#39;s are practical example where acquire release memory order differs from sequential consistency?,Conceptual,Apply,. reduce problem finding maximum matching bipartite graph.
38900645,sscanf linux kernel differs from sscanf glibc,Procedural,Create,. old world puzzle peasant find riverbank wolf goat head cabbage. need transport three side river boat. however boat room peasant one item either wolf goat cabbage. absence wolf would eat goat goat would eat cabbage. solve problem peasant prove solution. note peasant vegetarian like cabbage hence eat neither goat cabbage help solve problem. go without saying wolf protected species.
41353812,npm test differs from manual execution,Procedural,Create,. old world puzzle peasant find riverbank wolf goat head cabbage. need transport three side river boat. however boat room peasant one item either wolf goat cabbage. absence wolf would eat goat goat would eat cabbage. solve problem peasant prove solution. note peasant vegetarian like cabbage hence eat neither goat cabbage help solve problem. go without saying wolf protected species.
38309365,Type of the actual argument differs from the type of the dummy argument,Metacognitive,Evaluate,. one find argument supporting either view. wellestablished principle pertinent matter though scientific fact mathematical expression patentable. think case? preclude granting patent algorithms?
38530551,C# Response header differs from python response,Conceptual,Evaluate,. following binary tree avl trees? b c
41265236,PayPal sandbox differs from Live mode,Conceptual,Understand,. operation bestfirst branchandbound algorithm perform live node statespace tree?
40162298,JavaRDD subtract result differs if data read from disk or it&#39;s in memory,Procedural,Apply,. find inverse. either solve system three simultaneous righthand side vector representing column x identity matrix use lu decomposition system coefficient matrix
38339580,JPA oneToOne sql code generated differs from server to server,Procedural,Apply,. use table generated dynamic programming algorithm solving problem instance example section.
41870845,Values of variable created in &#39;for loop&#39; with &#39;let&#39; inside inner function differs from values of same variable created with &#39;var&#39;,Procedural,Apply,. write pseudocode bruteforce polynomial evaluation stem substituting given value variable polynomial formula evaluating lowest term highest one. determine number multiplication number addition made algorithm.
40102398,"If the target framework of my packages differs from the application target framework, does it create problems?",Factual,Apply,. use spacefortime tradeoff.
